image,prob_healthy,pred_J,pred_S80
image10000.jpg,0.6253794,1,1
image10001.jpg,0.05952262,0,0
image10002.jpg,0.6197092,1,0
image10003.jpg,0.40387335,0,0
image10004.jpg,0.22254527,0,0
image10005.jpg,0.88484246,1,1
image10006.jpg,0.2406771,0,0
image10007.jpg,0.13715161,0,0
image10008.jpg,0.6007343,1,0
image10009.jpg,0.5819933,0,0
image10010.jpg,0.043302324,0,0
image10011.jpg,0.07693648,0,0
image10012.jpg,0.066364445,0,0
image10013.jpg,0.30255038,0,0
image10014.jpg,0.362268,0,0
image10015.jpg,0.29349262,0,0
image10016.jpg,0.5989861,0,0
image10017.jpg,0.24036781,0,0
image10018.jpg,0.6196711,1,0
image10019.jpg,0.37262794,0,0
image10020.jpg,0.03788584,0,0
image10021.jpg,0.1388819,0,0
image10022.jpg,0.49801946,0,0
image10023.jpg,0.29596072,0,0
image10024.jpg,0.043029573,0,0
image10025.jpg,0.89024276,1,1
image10026.jpg,0.031592578,0,0
image10027.jpg,0.42792934,0,0
image10028.jpg,0.52054346,0,0
image10029.jpg,0.54522914,0,0
image10030.jpg,0.029687058,0,0
image10031.jpg,0.43926296,0,0
image10032.jpg,0.34872732,0,0
image10033.jpg,0.033279013,0,0
image10034.jpg,0.62133217,1,0
image10035.jpg,0.18396726,0,0
image10036.jpg,0.6097776,1,0
image10037.jpg,0.24569117,0,0
image10038.jpg,0.31489146,0,0
image10039.jpg,0.19204001,0,0
image10040.jpg,0.24364,0,0
image10041.jpg,0.1355489,0,0
image10042.jpg,0.15160765,0,0
image10043.jpg,0.036247566,0,0
image10044.jpg,0.6478488,1,1
image10045.jpg,0.9027225,1,1
image10046.jpg,0.21430823,0,0
image10047.jpg,0.03170166,0,0
image10048.jpg,0.6016143,1,0
image10049.jpg,0.5828799,0,0
image10050.jpg,0.62863165,1,1
image10051.jpg,0.3030296,0,0
image10052.jpg,0.6274073,1,1
image10053.jpg,0.59809816,0,0
image10054.jpg,0.5128775,0,0
image10055.jpg,0.45352578,0,0
image10056.jpg,0.6192296,1,0
image10057.jpg,0.60526156,1,0
image10058.jpg,0.2696048,0,0
image10059.jpg,0.2514484,0,0
image10060.jpg,0.17753768,0,0
image10061.jpg,0.19701716,0,0
image10062.jpg,0.61661357,1,0
image10063.jpg,0.03484775,0,0
image10064.jpg,0.2196024,0,0
image10065.jpg,0.89518076,1,1
image10066.jpg,0.593436,0,0
image10067.jpg,0.10799454,0,0
image10068.jpg,0.18809725,0,0
image10069.jpg,0.30612275,0,0
image10070.jpg,0.55897474,0,0
image10071.jpg,0.5150577,0,0
image10072.jpg,0.2560671,0,0
image10073.jpg,0.0314353,0,0
image10074.jpg,0.5661892,0,0
image10075.jpg,0.26739365,0,0
image10076.jpg,0.42190334,0,0
image10077.jpg,0.27796486,0,0
image10078.jpg,0.3013139,0,0
image10079.jpg,0.3348305,0,0
image10080.jpg,0.6114375,1,0
image10081.jpg,0.14564164,0,0
image10082.jpg,0.053341392,0,0
image10083.jpg,0.030828713,0,0
image10084.jpg,0.6407861,1,1
image10085.jpg,0.3299857,0,0
image10086.jpg,0.636726,1,1
image10087.jpg,0.22427075,0,0
image10088.jpg,0.13826373,0,0
image10089.jpg,0.5482681,0,0
image10090.jpg,0.18688184,0,0
image10091.jpg,0.1797614,0,0
image10092.jpg,0.16016941,0,0
image10093.jpg,0.5594015,0,0
image10094.jpg,0.14680402,0,0
image10095.jpg,0.17564015,0,0
image10096.jpg,0.62552303,1,1
image10097.jpg,0.6138847,1,0
image10098.jpg,0.2874699,0,0
image10099.jpg,0.62863183,1,1
image10100.jpg,0.14184245,0,0
image10101.jpg,0.623632,1,1
image10102.jpg,0.54987335,0,0
image10103.jpg,0.8719698,1,1
image10104.jpg,0.6017342,1,0
image10105.jpg,0.536408,0,0
image10106.jpg,0.511662,0,0
image10107.jpg,0.38026488,0,0
image10108.jpg,0.32744083,0,0
image10109.jpg,0.56158644,0,0
image10110.jpg,0.30468076,0,0
image10111.jpg,0.33386666,0,0
image10112.jpg,0.23381284,0,0
image10113.jpg,0.29501295,0,0
image10114.jpg,0.38566127,0,0
image10115.jpg,0.5004962,0,0
image10116.jpg,0.36754727,0,0
image10117.jpg,0.26312342,0,0
image10118.jpg,0.18123011,0,0
image10119.jpg,0.3974353,0,0
image10120.jpg,0.29159313,0,0
image10121.jpg,0.50974685,0,0
image10122.jpg,0.57890445,0,0
image10123.jpg,0.5693797,0,0
image10124.jpg,0.24504961,0,0
image10125.jpg,0.46086493,0,0
image10126.jpg,0.42295086,0,0
image10127.jpg,0.43885353,0,0
image10128.jpg,0.14779222,0,0
image10129.jpg,0.51147854,0,0
image10130.jpg,0.16582228,0,0
image10131.jpg,0.26302865,0,0
image10132.jpg,0.4366394,0,0
image10133.jpg,0.44344223,0,0
image10134.jpg,0.35557997,0,0
image10135.jpg,0.58008564,0,0
image10136.jpg,0.47407687,0,0
image10137.jpg,0.47202694,0,0
image10138.jpg,0.48283064,0,0
image10139.jpg,0.36912566,0,0
image10140.jpg,0.479258,0,0
image10141.jpg,0.57740784,0,0
image10142.jpg,0.5004722,0,0
image10143.jpg,0.40131474,0,0
image10144.jpg,0.47787058,0,0
image10145.jpg,0.49725205,0,0
image10146.jpg,0.51274335,0,0
image10147.jpg,0.46783587,0,0
image10148.jpg,0.6949975,1,1
image10149.jpg,0.4972235,0,0
image10150.jpg,0.5676246,0,0
image10151.jpg,0.4537959,0,0
image10152.jpg,0.62875056,1,1
image10153.jpg,0.6503591,1,1
image10154.jpg,0.26398265,0,0
image10155.jpg,0.5882386,0,0
image10156.jpg,0.3971405,0,0
image10157.jpg,0.2995162,0,0
image10158.jpg,0.5092635,0,0
image10159.jpg,0.22985138,0,0
image10160.jpg,0.3063129,0,0
image10161.jpg,0.5248569,0,0
image10162.jpg,0.36774004,0,0
image10163.jpg,0.30928504,0,0
image10164.jpg,0.16103964,0,0
image10165.jpg,0.3071491,0,0
image10166.jpg,0.635214,1,1
image10167.jpg,0.031901218,0,0
image10168.jpg,0.8836355,1,1
image10169.jpg,0.043993574,0,0
image10170.jpg,0.05919341,0,0
image10171.jpg,0.8877672,1,1
image10172.jpg,0.22269489,0,0
image10173.jpg,0.06071733,0,0
image10174.jpg,0.19849984,0,0
image10175.jpg,0.038492672,0,0
image10176.jpg,0.06073219,0,0
image10177.jpg,0.03935036,0,0
image10178.jpg,0.8964115,1,1
image10179.jpg,0.054097295,0,0
image10180.jpg,0.033099063,0,0
image10181.jpg,0.056859646,0,0
image10182.jpg,0.20272245,0,0
image10183.jpg,0.036907,0,0
image10184.jpg,0.03506747,0,0
image10185.jpg,0.7878077,1,1
image10186.jpg,0.038731597,0,0
image10187.jpg,0.888055,1,1
image10188.jpg,0.89833707,1,1
image10189.jpg,0.05031319,0,0
image10190.jpg,0.032547835,0,0
image10191.jpg,0.8898968,1,1
image10192.jpg,0.9068044,1,1
image10193.jpg,0.037246253,0,0
image10194.jpg,0.03176248,0,0
image10195.jpg,0.09246676,0,0
image10196.jpg,0.037607074,0,0
image10197.jpg,0.9035723,1,1
image10198.jpg,0.043943763,0,0
image10199.jpg,0.06768508,0,0
image10200.jpg,0.19961682,0,0
image10201.jpg,0.89561945,1,1
image10202.jpg,0.035665847,0,0
image10203.jpg,0.032831974,0,0
image10204.jpg,0.88788444,1,1
image10205.jpg,0.043484744,0,0
image10206.jpg,0.8852151,1,1
image10207.jpg,0.88505733,1,1
image10208.jpg,0.8824494,1,1
image10209.jpg,0.037032858,0,0
image10210.jpg,0.87073183,1,1
image10211.jpg,0.88346183,1,1
image10212.jpg,0.060215164,0,0
image10213.jpg,0.039633993,0,0
image10214.jpg,0.057063367,0,0
image10215.jpg,0.032572452,0,0
image10216.jpg,0.19214444,0,0
image10217.jpg,0.048234683,0,0
image10218.jpg,0.90416414,1,1
image10219.jpg,0.03142761,0,0
image10220.jpg,0.06169598,0,0
image10221.jpg,0.89398205,1,1
image10222.jpg,0.22146387,0,0
image10223.jpg,0.049700916,0,0
image10224.jpg,0.034895636,0,0
image10225.jpg,0.036920864,0,0
image10226.jpg,0.03235108,0,0
image10227.jpg,0.036097396,0,0
image10228.jpg,0.8826971,1,1
image10229.jpg,0.8699076,1,1
image10230.jpg,0.19877747,0,0
image10231.jpg,0.8972414,1,1
image10232.jpg,0.036019277,0,0
image10233.jpg,0.20694372,0,0
image10234.jpg,0.04551205,0,0
image10235.jpg,0.88359827,1,1
image10236.jpg,0.9001912,1,1
image10237.jpg,0.06808981,0,0
image10238.jpg,0.18132462,0,0
image10239.jpg,0.035810556,0,0
image10240.jpg,0.04025088,0,0
image10241.jpg,0.85508835,1,1
image10242.jpg,0.030075122,0,0
image10243.jpg,0.03666869,0,0
image10244.jpg,0.05677192,0,0
image10245.jpg,0.03410053,0,0
image10246.jpg,0.054724965,0,0
image10247.jpg,0.06075522,0,0
image10248.jpg,0.03627896,0,0
image10249.jpg,0.8942851,1,1
image10250.jpg,0.034956194,0,0
image10251.jpg,0.03533564,0,0
image10252.jpg,0.05299765,0,0
image10253.jpg,0.18035296,0,0
image10254.jpg,0.1829515,0,0
image10255.jpg,0.036261335,0,0
image10256.jpg,0.8930724,1,1
image10257.jpg,0.8798469,1,1
image10258.jpg,0.88814634,1,1
image10259.jpg,0.89614785,1,1
image10260.jpg,0.032417323,0,0
image10261.jpg,0.8862023,1,1
image10262.jpg,0.90121484,1,1
image10263.jpg,0.032788362,0,0
image10264.jpg,0.055709522,0,0
image10265.jpg,0.034198165,0,0
image10266.jpg,0.07062918,0,0
image10267.jpg,0.056657843,0,0
image10268.jpg,0.88372874,1,1
image10269.jpg,0.8623009,1,1
image10270.jpg,0.87060344,1,1
image10271.jpg,0.036064625,0,0
image10272.jpg,0.04126897,0,0
image10273.jpg,0.06302537,0,0
image10274.jpg,0.1848161,0,0
image10275.jpg,0.03593004,0,0
image10276.jpg,0.039653454,0,0
image10277.jpg,0.8707053,1,1
image10278.jpg,0.03347914,0,0
image10279.jpg,0.033281486,0,0
image10280.jpg,0.88439643,1,1
image10281.jpg,0.8796845,1,1
image10282.jpg,0.16898249,0,0
image10283.jpg,0.050281495,0,0
image10284.jpg,0.88960147,1,1
image10285.jpg,0.8708224,1,1
image10286.jpg,0.22721773,0,0
image10287.jpg,0.033622257,0,0
image10288.jpg,0.057027392,0,0
image10289.jpg,0.19459544,0,0
image10290.jpg,0.05555085,0,0
image10291.jpg,0.035560854,0,0
image10292.jpg,0.03196531,0,0
image10293.jpg,0.11501864,0,0
image10294.jpg,0.17301852,0,0
image10295.jpg,0.89537406,1,1
image10296.jpg,0.06923571,0,0
image10297.jpg,0.037078824,0,0
image10298.jpg,0.087809235,0,0
image10299.jpg,0.8928357,1,1
image10300.jpg,0.035354745,0,0
image10301.jpg,0.060958624,0,0
image10302.jpg,0.053723995,0,0
image10303.jpg,0.03432844,0,0
image10304.jpg,0.03418519,0,0
image10305.jpg,0.039895758,0,0
image10306.jpg,0.18119058,0,0
image10307.jpg,0.055114944,0,0
image10308.jpg,0.88733524,1,1
image10309.jpg,0.05763864,0,0
image10310.jpg,0.89979595,1,1
image10311.jpg,0.032234337,0,0
image10312.jpg,0.046332862,0,0
image10313.jpg,0.87458515,1,1
image10314.jpg,0.052908238,0,0
image10315.jpg,0.8258866,1,1
image10316.jpg,0.058910657,0,0
image10317.jpg,0.108918086,0,0
image10318.jpg,0.053102836,0,0
image10319.jpg,0.040278308,0,0
image10320.jpg,0.037343595,0,0
image10321.jpg,0.8896017,1,1
image10322.jpg,0.038584195,0,0
image10323.jpg,0.82836837,1,1
image10324.jpg,0.89930177,1,1
image10325.jpg,0.18512334,0,0
image10326.jpg,0.0345828,0,0
image10327.jpg,0.032074332,0,0
image10328.jpg,0.059433874,0,0
image10329.jpg,0.039815042,0,0
image10330.jpg,0.89553815,1,1
image10331.jpg,0.033435863,0,0
image10332.jpg,0.060228873,0,0
image10333.jpg,0.042919613,0,0
image10334.jpg,0.062713265,0,0
image10335.jpg,0.030940587,0,0
image10336.jpg,0.20467372,0,0
image10337.jpg,0.032042302,0,0
image10338.jpg,0.073448256,0,0
image10339.jpg,0.042804275,0,0
image10340.jpg,0.032984372,0,0
image10341.jpg,0.08424433,0,0
image10342.jpg,0.8926074,1,1
image10343.jpg,0.037234932,0,0
image10344.jpg,0.034662336,0,0
image10345.jpg,0.05895463,0,0
image10346.jpg,0.05634007,0,0
image10347.jpg,0.038855672,0,0
image10348.jpg,0.033186868,0,0
image10349.jpg,0.89911133,1,1
image10350.jpg,0.036120538,0,0
image10351.jpg,0.030669644,0,0
image10352.jpg,0.07029497,0,0
image10353.jpg,0.8800373,1,1
image10354.jpg,0.8959737,1,1
image10355.jpg,0.21115877,0,0
image10356.jpg,0.03610891,0,0
image10357.jpg,0.036372527,0,0
image10358.jpg,0.031583995,0,0
image10359.jpg,0.2119344,0,0
image10360.jpg,0.03218952,0,0
image10361.jpg,0.7501009,1,1
image10362.jpg,0.055804532,0,0
image10363.jpg,0.034329046,0,0
image10364.jpg,0.8760446,1,1
image10365.jpg,0.032087687,0,0
image10366.jpg,0.77123123,1,1
image10367.jpg,0.030075287,0,0
image10368.jpg,0.040677413,0,0
image10369.jpg,0.051540818,0,0
image10370.jpg,0.033563014,0,0
image10371.jpg,0.030267658,0,0
image10372.jpg,0.038978696,0,0
image10373.jpg,0.059625883,0,0
image10374.jpg,0.17917493,0,0
image10375.jpg,0.8985662,1,1
image10376.jpg,0.033728674,0,0
image10377.jpg,0.04212882,0,0
image10378.jpg,0.05065831,0,0
image10379.jpg,0.21592009,0,0
image10380.jpg,0.038570836,0,0
image10381.jpg,0.039158713,0,0
image10382.jpg,0.02992558,0,0
image10383.jpg,0.87154585,1,1
image10384.jpg,0.03870173,0,0
image10385.jpg,0.03615089,0,0
image10386.jpg,0.8768916,1,1
image10387.jpg,0.030693317,0,0
image10388.jpg,0.071861476,0,0
image10389.jpg,0.051347625,0,0
image10390.jpg,0.8923245,1,1
image10391.jpg,0.03544588,0,0
image10392.jpg,0.19100285,0,0
image10393.jpg,0.8937702,1,1
image10394.jpg,0.038061254,0,0
image10395.jpg,0.8981558,1,1
image10396.jpg,0.054144856,0,0
image10397.jpg,0.9000489,1,1
image10398.jpg,0.034905896,0,0
image10399.jpg,0.06150161,0,0
image10400.jpg,0.0430179,0,0
image10401.jpg,0.037873328,0,0
image10402.jpg,0.053766374,0,0
image10403.jpg,0.03586906,0,0
image10404.jpg,0.054286573,0,0
image10405.jpg,0.18183099,0,0
image10406.jpg,0.038563352,0,0
image10407.jpg,0.880563,1,1
image10408.jpg,0.8776296,1,1
image10409.jpg,0.06110647,0,0
image10410.jpg,0.029873721,0,0
image10411.jpg,0.03616741,0,0
image10412.jpg,0.038761098,0,0
image10413.jpg,0.092109516,0,0
image10414.jpg,0.17019215,0,0
image10415.jpg,0.044656027,0,0
image10416.jpg,0.05333092,0,0
image10417.jpg,0.034292936,0,0
image10418.jpg,0.041935697,0,0
image10419.jpg,0.18520732,0,0
image10420.jpg,0.06259776,0,0
image10421.jpg,0.034528613,0,0
image10422.jpg,0.04079792,0,0
image10423.jpg,0.9010361,1,1
image10424.jpg,0.057136662,0,0
image10425.jpg,0.18602084,0,0
image10426.jpg,0.05821108,0,0
image10427.jpg,0.057946738,0,0
image10428.jpg,0.054213963,0,0
image10429.jpg,0.89095986,1,1
image10430.jpg,0.9051257,1,1
image10431.jpg,0.058118284,0,0
image10432.jpg,0.03832068,0,0
image10433.jpg,0.8799449,1,1
image10434.jpg,0.87798566,1,1
image10435.jpg,0.8929051,1,1
image10436.jpg,0.17106381,0,0
image10437.jpg,0.05601969,0,0
image10438.jpg,0.034793235,0,0
image10439.jpg,0.053399634,0,0
image10440.jpg,0.03419155,0,0
image10441.jpg,0.03991707,0,0
image10442.jpg,0.88869613,1,1
image10443.jpg,0.053182635,0,0
image10444.jpg,0.09471292,0,0
image10445.jpg,0.9076713,1,1
image10446.jpg,0.8863503,1,1
image10447.jpg,0.055208363,0,0
image10448.jpg,0.038839273,0,0
image10449.jpg,0.8779052,1,1
image10450.jpg,0.88271105,1,1
image10451.jpg,0.8857385,1,1
image10452.jpg,0.8907701,1,1
image10453.jpg,0.89386237,1,1
image10454.jpg,0.8743403,1,1
image10455.jpg,0.038125727,0,0
image10456.jpg,0.03689306,0,0
image10457.jpg,0.08232197,0,0
image10458.jpg,0.8799335,1,1
image10459.jpg,0.053653482,0,0
image10460.jpg,0.06335374,0,0
image10461.jpg,0.034629766,0,0
image10462.jpg,0.03673692,0,0
image10463.jpg,0.90526193,1,1
image10464.jpg,0.18621986,0,0
image10465.jpg,0.2047283,0,0
image10466.jpg,0.05315377,0,0
image10467.jpg,0.9045981,1,1
image10468.jpg,0.0550991,0,0
image10469.jpg,0.8835797,1,1
image10470.jpg,0.18572919,0,0
image10471.jpg,0.8888339,1,1
image10472.jpg,0.87724215,1,1
image10473.jpg,0.037215177,0,0
image10474.jpg,0.8890338,1,1
image10475.jpg,0.045676567,0,0
image10476.jpg,0.90394384,1,1
image10477.jpg,0.0356111,0,0
image10478.jpg,0.057353795,0,0
image10479.jpg,0.03334314,0,0
image10480.jpg,0.030656887,0,0
image10481.jpg,0.21734756,0,0
image10482.jpg,0.030294513,0,0
image10483.jpg,0.05331999,0,0
image10484.jpg,0.03093189,0,0
image10485.jpg,0.87934506,1,1
image10486.jpg,0.25797778,0,0
image10487.jpg,0.06943924,0,0
image10488.jpg,0.034226596,0,0
image10489.jpg,0.051887427,0,0
image10490.jpg,0.038721062,0,0
image10491.jpg,0.032152824,0,0
image10492.jpg,0.04188759,0,0
image10493.jpg,0.1991962,0,0
image10494.jpg,0.05752588,0,0
image10495.jpg,0.03703589,0,0
image10496.jpg,0.033394918,0,0
image10497.jpg,0.17098732,0,0
image10498.jpg,0.8938242,1,1
image10499.jpg,0.89873606,1,1
image10500.jpg,0.037336096,0,0
image10501.jpg,0.2191916,0,0
image10502.jpg,0.054415584,0,0
image10503.jpg,0.037932586,0,0
image10504.jpg,0.05202295,0,0
image10505.jpg,0.03186055,0,0
image10506.jpg,0.060557816,0,0
image10507.jpg,0.8901977,1,1
image10508.jpg,0.90143895,1,1
image10509.jpg,0.88110214,1,1
image10510.jpg,0.048930954,0,0
image10511.jpg,0.8786873,1,1
image10512.jpg,0.037908882,0,0
image10513.jpg,0.03524967,0,0
image10514.jpg,0.20980223,0,0
image10515.jpg,0.17571719,0,0
image10516.jpg,0.1698909,0,0
image10517.jpg,0.89103377,1,1
image10518.jpg,0.056576252,0,0
image10519.jpg,0.8740953,1,1
image10520.jpg,0.0481403,0,0
image10521.jpg,0.8942796,1,1
image10522.jpg,0.044099595,0,0
image10523.jpg,0.053213906,0,0
image10524.jpg,0.034634374,0,0
image10525.jpg,0.054592952,0,0
image10526.jpg,0.8888977,1,1
image10527.jpg,0.032170575,0,0
image10528.jpg,0.05880509,0,0
image10529.jpg,0.037688814,0,0
image10530.jpg,0.9022979,1,1
image10531.jpg,0.8976682,1,1
image10532.jpg,0.031225406,0,0
image10533.jpg,0.19516765,0,0
image10534.jpg,0.8862023,1,1
image10535.jpg,0.03952748,0,0
image10536.jpg,0.8798612,1,1
image10537.jpg,0.17309025,0,0
image10538.jpg,0.052600745,0,0
image10539.jpg,0.0736324,0,0
image10540.jpg,0.048977077,0,0
image10541.jpg,0.8710066,1,1
image10542.jpg,0.046294596,0,0
image10543.jpg,0.89806867,1,1
image10544.jpg,0.8913012,1,1
image10545.jpg,0.894876,1,1
image10546.jpg,0.07400053,0,0
image10547.jpg,0.0367474,0,0
image10548.jpg,0.039264157,0,0
image10549.jpg,0.05813761,0,0
image10550.jpg,0.89790016,1,1
image10551.jpg,0.055787943,0,0
image10552.jpg,0.033651553,0,0
image10553.jpg,0.033660237,0,0
image10554.jpg,0.057042867,0,0
image10555.jpg,0.04151916,0,0
image10556.jpg,0.036594123,0,0
image10557.jpg,0.88422954,1,1
image10558.jpg,0.053533934,0,0
image10559.jpg,0.03736407,0,0
image10560.jpg,0.03487986,0,0
image10561.jpg,0.03463001,0,0
image10562.jpg,0.041488186,0,0
image10563.jpg,0.029265521,0,0
image10564.jpg,0.87730795,1,1
image10565.jpg,0.03479764,0,0
image10566.jpg,0.053006724,0,0
image10567.jpg,0.8790176,1,1
image10568.jpg,0.034541138,0,0
image10569.jpg,0.18363342,0,0
image10570.jpg,0.040110163,0,0
image10571.jpg,0.21512178,0,0
image10572.jpg,0.88352865,1,1
image10573.jpg,0.085074544,0,0
image10574.jpg,0.87442,1,1
image10575.jpg,0.72850853,1,1
image10576.jpg,0.049366776,0,0
image10577.jpg,0.05777737,0,0
image10578.jpg,0.03566414,0,0
image10579.jpg,0.03430644,0,0
image10580.jpg,0.8846587,1,1
image10581.jpg,0.8985093,1,1
image10582.jpg,0.043477356,0,0
image10583.jpg,0.0951091,0,0
image10584.jpg,0.032468755,0,0
image10585.jpg,0.0368556,0,0
image10586.jpg,0.8961889,1,1
image10587.jpg,0.2225957,0,0
image10588.jpg,0.034307387,0,0
image10589.jpg,0.03296308,0,0
image10590.jpg,0.88700974,1,1
image10591.jpg,0.8883881,1,1
image10592.jpg,0.06670515,0,0
image10593.jpg,0.037975103,0,0
image10594.jpg,0.077560425,0,0
image10595.jpg,0.037464015,0,0
image10596.jpg,0.21215656,0,0
image10597.jpg,0.89328796,1,1
image10598.jpg,0.03792966,0,0
image10599.jpg,0.035861302,0,0
image10600.jpg,0.19551364,0,0
image10601.jpg,0.048040412,0,0
image10602.jpg,0.22020599,0,0
image10603.jpg,0.040007725,0,0
image10604.jpg,0.18543619,0,0
image10605.jpg,0.03222237,0,0
image10606.jpg,0.033302136,0,0
image10607.jpg,0.19881618,0,0
image10608.jpg,0.038388435,0,0
image10609.jpg,0.87142193,1,1
image10610.jpg,0.21326274,0,0
image10611.jpg,0.055559512,0,0
image10612.jpg,0.1990478,0,0
image10613.jpg,0.036678176,0,0
image10614.jpg,0.060261797,0,0
image10615.jpg,0.036086705,0,0
image10616.jpg,0.90108126,1,1
image10617.jpg,0.05538752,0,0
image10618.jpg,0.034494676,0,0
image10619.jpg,0.0571343,0,0
image10620.jpg,0.19952294,0,0
image10621.jpg,0.037557032,0,0
image10622.jpg,0.03449943,0,0
image10623.jpg,0.8066318,1,1
image10624.jpg,0.0341688,0,0
image10625.jpg,0.8873015,1,1
image10626.jpg,0.8817102,1,1
image10627.jpg,0.057625547,0,0
image10628.jpg,0.058464214,0,0
image10629.jpg,0.20665489,0,0
image10630.jpg,0.049883403,0,0
image10631.jpg,0.035202567,0,0
image10632.jpg,0.034193803,0,0
image10633.jpg,0.85956293,1,1
image10634.jpg,0.7204029,1,1
image10635.jpg,0.9055321,1,1
image10636.jpg,0.036117636,0,0
image10637.jpg,0.037599154,0,0
image10638.jpg,0.033885706,0,0
image10639.jpg,0.0964243,0,0
image10640.jpg,0.03679121,0,0
image10641.jpg,0.9053753,1,1
image10642.jpg,0.043507043,0,0
image10643.jpg,0.07290449,0,0
image10644.jpg,0.06783694,0,0
image10645.jpg,0.20600812,0,0
image10646.jpg,0.9070973,1,1
image10647.jpg,0.035677355,0,0
image10648.jpg,0.90470797,1,1
image10649.jpg,0.0353513,0,0
image10650.jpg,0.061196353,0,0
image10651.jpg,0.8868257,1,1
image10652.jpg,0.081207,0,0
image10653.jpg,0.045131143,0,0
image10654.jpg,0.8856839,1,1
image10655.jpg,0.88237274,1,1
image10656.jpg,0.8794875,1,1
image10657.jpg,0.038408738,0,0
image10658.jpg,0.87235105,1,1
image10659.jpg,0.88075495,1,1
image10660.jpg,0.061082393,0,0
image10661.jpg,0.03870698,0,0
image10662.jpg,0.059715167,0,0
image10663.jpg,0.033697467,0,0
image10664.jpg,0.1875255,0,0
image10665.jpg,0.049853887,0,0
image10666.jpg,0.86629057,1,1
image10667.jpg,0.032464463,0,0
image10668.jpg,0.061906997,0,0
image10669.jpg,0.8745289,1,1
image10670.jpg,0.2157234,0,0
image10671.jpg,0.052424375,0,0
image10672.jpg,0.034978464,0,0
image10673.jpg,0.037078805,0,0
image10674.jpg,0.078913406,0,0
image10675.jpg,0.03187008,0,0
image10676.jpg,0.037168927,0,0
image10677.jpg,0.8790408,1,1
image10678.jpg,0.84922826,1,1
image10679.jpg,0.20657778,0,0
image10680.jpg,0.9061839,1,1
image10681.jpg,0.037287857,0,0
image10682.jpg,0.05025666,0,0
image10683.jpg,0.059181437,0,0
image10684.jpg,0.05510938,0,0
image10685.jpg,0.2167215,0,0
image10686.jpg,0.04581523,0,0
image10687.jpg,0.03739679,0,0
image10688.jpg,0.873286,1,1
image10689.jpg,0.8963774,1,1
image10690.jpg,0.06932925,0,0
image10691.jpg,0.059032347,0,0
image10692.jpg,0.1746206,0,0
image10693.jpg,0.05569614,0,0
image10694.jpg,0.035258677,0,0
image10695.jpg,0.041350663,0,0
image10696.jpg,0.040618986,0,0
image10697.jpg,0.8596339,1,1
image10698.jpg,0.034586646,0,0
image10699.jpg,0.032217994,0,0
image10700.jpg,0.034694225,0,0
image10701.jpg,0.035180654,0,0
image10702.jpg,0.05937056,0,0
image10703.jpg,0.8979531,1,1
image10704.jpg,0.03505107,0,0
image10705.jpg,0.18008782,0,0
image10706.jpg,0.036216542,0,0
image10707.jpg,0.88897365,1,1
image10708.jpg,0.032069374,0,0
image10709.jpg,0.031249322,0,0
image10710.jpg,0.053833053,0,0
image10711.jpg,0.036984604,0,0
image10712.jpg,0.86718416,1,1
image10713.jpg,0.036220346,0,0
image10714.jpg,0.040607292,0,0
image10715.jpg,0.068121575,0,0
image10716.jpg,0.1821701,0,0
image10717.jpg,0.038234062,0,0
image10718.jpg,0.041053582,0,0
image10719.jpg,0.03464724,0,0
image10720.jpg,0.8788466,1,1
image10721.jpg,0.8566928,1,1
image10722.jpg,0.032301698,0,0
image10723.jpg,0.16566874,0,0
image10724.jpg,0.8877314,1,1
image10725.jpg,0.03768163,0,0
image10726.jpg,0.59713995,0,0
image10727.jpg,0.22636977,0,0
image10728.jpg,0.036037,0,0
image10729.jpg,0.06187845,0,0
image10730.jpg,0.18969649,0,0
image10731.jpg,0.05550239,0,0
image10732.jpg,0.035902426,0,0
image10733.jpg,0.031683717,0,0
image10734.jpg,0.112997815,0,0
image10735.jpg,0.17121463,0,0
image10736.jpg,0.1721152,0,0
image10737.jpg,0.9049388,1,1
image10738.jpg,0.034934543,0,0
image10739.jpg,0.04000809,0,0
image10740.jpg,0.899635,1,1
image10741.jpg,0.057499353,0,0
image10742.jpg,0.89829844,1,1
image10743.jpg,0.03418601,0,0
image10744.jpg,0.047083735,0,0
image10745.jpg,0.879469,1,1
image10746.jpg,0.05466338,0,0
image10747.jpg,0.8226928,1,1
image10748.jpg,0.88988817,1,1
image10749.jpg,0.23349826,0,0
image10750.jpg,0.06743245,0,0
image10751.jpg,0.038955197,0,0
image10752.jpg,0.08183695,0,0
image10753.jpg,0.052033402,0,0
image10754.jpg,0.041422486,0,0
image10755.jpg,0.055014025,0,0
image10756.jpg,0.8884628,1,1
image10757.jpg,0.038950574,0,0
image10758.jpg,0.041675787,0,0
image10759.jpg,0.045217395,0,0
image10760.jpg,0.036430627,0,0
image10761.jpg,0.89897174,1,1
image10762.jpg,0.033097308,0,0
image10763.jpg,0.89606553,1,1
image10764.jpg,0.04283098,0,0
image10765.jpg,0.036840014,0,0
image10766.jpg,0.03223763,0,0
image10767.jpg,0.9027615,1,1
image10768.jpg,0.059602592,0,0
image10769.jpg,0.042129762,0,0
image10770.jpg,0.032736715,0,0
image10771.jpg,0.8925221,1,1
image10772.jpg,0.033148747,0,0
image10773.jpg,0.06338709,0,0
image10774.jpg,0.041944873,0,0
image10775.jpg,0.03265128,0,0
image10776.jpg,0.08427093,0,0
image10777.jpg,0.8994095,1,1
image10778.jpg,0.036279187,0,0
image10779.jpg,0.036078744,0,0
image10780.jpg,0.06004418,0,0
image10781.jpg,0.05680478,0,0
image10782.jpg,0.03820784,0,0
image10783.jpg,0.03419707,0,0
image10784.jpg,0.9040095,1,1
image10785.jpg,0.036104463,0,0
image10786.jpg,0.032460503,0,0
image10787.jpg,0.07029497,0,0
image10788.jpg,0.88014406,1,1
image10789.jpg,0.058620032,0,0
image10790.jpg,0.9027918,1,1
image10791.jpg,0.035841987,0,0
image10792.jpg,0.034726966,0,0
image10793.jpg,0.032746293,0,0
image10794.jpg,0.034658622,0,0
image10795.jpg,0.7498073,1,1
image10796.jpg,0.0536953,0,0
image10797.jpg,0.036977783,0,0
image10798.jpg,0.83516854,1,1
image10799.jpg,0.036842875,0,0
image10800.jpg,0.03195452,0,0
image10801.jpg,0.03613449,0,0
image10802.jpg,0.030621763,0,0
image10803.jpg,0.03234764,0,0
image10804.jpg,0.03859043,0,0
image10805.jpg,0.05972281,0,0
image10806.jpg,0.039237265,0,0
image10807.jpg,0.8959625,1,1
image10808.jpg,0.032884624,0,0
image10809.jpg,0.8805558,1,1
image10810.jpg,0.03536214,0,0
image10811.jpg,0.037968125,0,0
image10812.jpg,0.8912821,1,1
image10813.jpg,0.901826,1,1
image10814.jpg,0.034552693,0,0
image10815.jpg,0.042391244,0,0
image10816.jpg,0.0335363,0,0
image10817.jpg,0.039574966,0,0
image10818.jpg,0.030713936,0,0
image10819.jpg,0.87296957,1,1
image10820.jpg,0.039487023,0,0
image10821.jpg,0.03579873,0,0
image10822.jpg,0.8753599,1,1
image10823.jpg,0.031127105,0,0
image10824.jpg,0.18360637,0,0
image10825.jpg,0.03385905,0,0
image10826.jpg,0.8958108,1,1
image10827.jpg,0.034804776,0,0
image10828.jpg,0.1911993,0,0
image10829.jpg,0.89914817,1,1
image10830.jpg,0.053911436,0,0
image10831.jpg,0.8990941,1,1
image10832.jpg,0.034872003,0,0
image10833.jpg,0.05878612,0,0
image10834.jpg,0.036183678,0,0
image10835.jpg,0.051441003,0,0
image10836.jpg,0.035838936,0,0
image10837.jpg,0.055461735,0,0
image10838.jpg,0.18427159,0,0
image10839.jpg,0.037863467,0,0
image10840.jpg,0.88734573,1,1
image10841.jpg,0.87868243,1,1
image10842.jpg,0.060178358,0,0
image10843.jpg,0.0321771,0,0
image10844.jpg,0.03674818,0,0
image10845.jpg,0.0376376,0,0
image10846.jpg,0.092208676,0,0
image10847.jpg,0.17488809,0,0
image10848.jpg,0.045674797,0,0
image10849.jpg,0.054121844,0,0
image10850.jpg,0.035903953,0,0
image10851.jpg,0.042015955,0,0
image10852.jpg,0.060279466,0,0
image10853.jpg,0.037122294,0,0
image10854.jpg,0.041160095,0,0
image10855.jpg,0.04931197,0,0
image10856.jpg,0.90112466,1,1
image10857.jpg,0.1834762,0,0
image10858.jpg,0.057314824,0,0
image10859.jpg,0.8883138,1,1
image10860.jpg,0.90093744,1,1
image10861.jpg,0.05736391,0,0
image10862.jpg,0.038188413,0,0
image10863.jpg,0.8795307,1,1
image10864.jpg,0.8688539,1,1
image10865.jpg,0.8885408,1,1
image10866.jpg,0.17170626,0,0
image10867.jpg,0.05555867,0,0
image10868.jpg,0.033840854,0,0
image10869.jpg,0.05299729,0,0
image10870.jpg,0.03678929,0,0
image10871.jpg,0.040054977,0,0
image10872.jpg,0.88714755,1,1
image10873.jpg,0.05424376,0,0
image10874.jpg,0.8977751,1,1
image10875.jpg,0.8796798,1,1
image10876.jpg,0.05609836,0,0
image10877.jpg,0.039397687,0,0
image10878.jpg,0.8758316,1,1
image10879.jpg,0.06856336,0,0
image10880.jpg,0.034394883,0,0
image10881.jpg,0.8851851,1,1
image10882.jpg,0.18988505,0,0
image10883.jpg,0.89188373,1,1
image10884.jpg,0.8919298,1,1
image10885.jpg,0.8973186,1,1
image10886.jpg,0.8692395,1,1
image10887.jpg,0.035995696,0,0
image10888.jpg,0.89547986,1,1
image10889.jpg,0.04119468,0,0
image10890.jpg,0.036459997,0,0
image10891.jpg,0.08016821,0,0
image10892.jpg,0.8768006,1,1
image10893.jpg,0.054247957,0,0
image10894.jpg,0.04348012,0,0
image10895.jpg,0.060542457,0,0
image10896.jpg,0.035839375,0,0
image10897.jpg,0.038333293,0,0
image10898.jpg,0.8948063,1,1
image10899.jpg,0.1813641,0,0
image10900.jpg,0.053427983,0,0
image10901.jpg,0.211494,0,0
image10902.jpg,0.054028638,0,0
image10903.jpg,0.06504649,0,0
image10904.jpg,0.8975351,1,1
image10905.jpg,0.045571227,0,0
image10906.jpg,0.89818704,1,1
image10907.jpg,0.03693316,0,0
image10908.jpg,0.036041956,0,0
image10909.jpg,0.031924967,0,0
image10910.jpg,0.8814874,1,1
image10911.jpg,0.0344529,0,0
image10912.jpg,0.042239822,0,0
image10913.jpg,0.87441576,1,1
image10914.jpg,0.888671,1,1
image10915.jpg,0.053938,0,0
image10916.jpg,0.033328973,0,0
image10917.jpg,0.07220956,0,0
image10918.jpg,0.90574723,1,1
image10919.jpg,0.06937138,0,0
image10920.jpg,0.034158602,0,0
image10921.jpg,0.06558273,0,0
image10922.jpg,0.88583356,1,1
image10923.jpg,0.06063553,0,0
image10924.jpg,0.03422718,0,0
image10925.jpg,0.17205894,0,0
image10926.jpg,0.04369697,0,0
image10927.jpg,0.05204406,0,0
image10928.jpg,0.19174613,0,0
image10929.jpg,0.03245112,0,0
image10930.jpg,0.039227135,0,0
image10931.jpg,0.8882741,1,1
image10932.jpg,0.8715407,1,1
image10933.jpg,0.8826273,1,1
image10934.jpg,0.033398777,0,0
image10935.jpg,0.03967376,0,0
image10936.jpg,0.08238575,0,0
image10937.jpg,0.033976153,0,0
image10938.jpg,0.03332547,0,0
image10939.jpg,0.18234222,0,0
image10940.jpg,0.19878897,0,0
image10941.jpg,0.06170569,0,0
image10942.jpg,0.077857085,0,0
image10943.jpg,0.06154846,0,0
image10944.jpg,0.20035008,0,0
image10945.jpg,0.8838935,1,1
image10946.jpg,0.21160959,0,0
image10947.jpg,0.16968335,0,0
image10948.jpg,0.88974035,1,1
image10949.jpg,0.1705457,0,0
image10950.jpg,0.77985406,1,1
image10951.jpg,0.88464254,1,1
image10952.jpg,0.056853738,0,0
image10953.jpg,0.18945527,0,0
image10954.jpg,0.8910275,1,1
image10955.jpg,0.03437288,0,0
image10956.jpg,0.033966973,0,0
image10957.jpg,0.059914313,0,0
image10958.jpg,0.036891703,0,0
image10959.jpg,0.06389006,0,0
image10960.jpg,0.032461446,0,0
image10961.jpg,0.19084111,0,0
image10962.jpg,0.8858472,1,1
image10963.jpg,0.04405978,0,0
image10964.jpg,0.039744902,0,0
image10965.jpg,0.88063586,1,1
image10966.jpg,0.038916245,0,0
image10967.jpg,0.05334081,0,0
image10968.jpg,0.047014546,0,0
image10969.jpg,0.88007057,1,1
image10970.jpg,0.04068344,0,0
image10971.jpg,0.051005512,0,0
image10972.jpg,0.8767326,1,1
image10973.jpg,0.8823441,1,1
image10974.jpg,0.03864575,0,0
image10975.jpg,0.03413227,0,0
image10976.jpg,0.89173895,1,1
image10977.jpg,0.8987618,1,1
image10978.jpg,0.8934666,1,1
image10979.jpg,0.07215855,0,0
image10980.jpg,0.18570007,0,0
image10981.jpg,0.033809226,0,0
image10982.jpg,0.036395725,0,0
image10983.jpg,0.19988418,0,0
image10984.jpg,0.033195317,0,0
image10985.jpg,0.88552487,1,1
image10986.jpg,0.051099796,0,0
image10987.jpg,0.033895485,0,0
image10988.jpg,0.048774023,0,0
image10989.jpg,0.2254956,0,0
image10990.jpg,0.037022527,0,0
image10991.jpg,0.8911698,1,1
image10992.jpg,0.0797313,0,0
image10993.jpg,0.05730202,0,0
image10994.jpg,0.88977987,1,1
image10995.jpg,0.06394189,0,0
image10996.jpg,0.035412766,0,0
image10997.jpg,0.037705734,0,0
image10998.jpg,0.035224073,0,0
image10999.jpg,0.036228735,0,0
image11000.jpg,0.61647344,1,0
image11001.jpg,0.18163013,0,0
image11002.jpg,0.60758054,1,0
image11003.jpg,0.60220903,1,0
image11004.jpg,0.5492491,0,0
image11005.jpg,0.15435891,0,0
image11006.jpg,0.61727613,1,0
image11007.jpg,0.50705373,0,0
image11008.jpg,0.14654346,0,0
image11009.jpg,0.51252043,0,0
image11010.jpg,0.60185385,1,0
image11011.jpg,0.52369714,0,0
image11012.jpg,0.5221647,0,0
image11013.jpg,0.52531624,0,0
image11014.jpg,0.6098081,1,0
image11015.jpg,0.64355487,1,1
image11016.jpg,0.14852944,0,0
image11017.jpg,0.5399993,0,0
image11018.jpg,0.62951577,1,1
image11019.jpg,0.55575985,0,0
image11020.jpg,0.541354,0,0
image11021.jpg,0.62042147,1,0
image11022.jpg,0.19568807,0,0
image11023.jpg,0.5613689,0,0
image11024.jpg,0.62240916,1,1
image11025.jpg,0.6086483,1,0
image11026.jpg,0.59997004,0,0
image11027.jpg,0.59945315,0,0
image11028.jpg,0.5365484,0,0
image11029.jpg,0.60933423,1,0
image11030.jpg,0.51312894,0,0
image11031.jpg,0.62004364,1,0
image11032.jpg,0.17282054,0,0
image11033.jpg,0.6220914,1,1
image11034.jpg,0.5655031,0,0
image11035.jpg,0.5322225,0,0
image11036.jpg,0.5734029,0,0
image11037.jpg,0.52067757,0,0
image11038.jpg,0.60881114,1,0
image11039.jpg,0.6096055,1,0
image11040.jpg,0.6231735,1,1
image11041.jpg,0.5374978,0,0
image11042.jpg,0.5209237,0,0
image11043.jpg,0.6361441,1,1
image11044.jpg,0.60543287,1,0
image11045.jpg,0.60949093,1,0
image11046.jpg,0.60619694,1,0
image11047.jpg,0.6138271,1,0
image11048.jpg,0.54787606,0,0
image11049.jpg,0.17758596,0,0
image11050.jpg,0.6055397,1,0
image11051.jpg,0.5708687,0,0
image11052.jpg,0.5800558,0,0
image11053.jpg,0.57312465,0,0
image11054.jpg,0.6334138,1,1
image11055.jpg,0.6175864,1,0
image11056.jpg,0.6038381,1,0
image11057.jpg,0.61940926,1,0
image11058.jpg,0.63213104,1,1
image11059.jpg,0.52971727,0,0
image11060.jpg,0.14684477,0,0
image11061.jpg,0.5362786,0,0
image11062.jpg,0.59373844,0,0
image11063.jpg,0.14499979,0,0
image11064.jpg,0.58438545,0,0
image11065.jpg,0.5449834,0,0
image11066.jpg,0.6416732,1,1
image11067.jpg,0.14615421,0,0
image11068.jpg,0.1754906,0,0
image11069.jpg,0.6023444,1,0
image11070.jpg,0.16458005,0,0
image11071.jpg,0.5953703,0,0
image11072.jpg,0.61732626,1,0
image11073.jpg,0.6056607,1,0
image11074.jpg,0.14064173,0,0
image11075.jpg,0.13369042,0,0
image11076.jpg,0.13932802,0,0
image11077.jpg,0.15627004,0,0
image11078.jpg,0.16974533,0,0
image11079.jpg,0.1369104,0,0
image11080.jpg,0.6305306,1,1
image11081.jpg,0.13637929,0,0
image11082.jpg,0.20697322,0,0
image11083.jpg,0.13706017,0,0
image11084.jpg,0.15235594,0,0
image11085.jpg,0.6041181,1,0
image11086.jpg,0.1486261,0,0
image11087.jpg,0.6105315,1,0
image11088.jpg,0.5701593,0,0
image11089.jpg,0.6168885,1,0
image11090.jpg,0.13480386,0,0
image11091.jpg,0.62683403,1,1
image11092.jpg,0.60294724,1,0
image11093.jpg,0.6131179,1,0
image11094.jpg,0.14841935,0,0
image11095.jpg,0.61405796,1,0
image11096.jpg,0.5661768,0,0
image11097.jpg,0.6024215,1,0
image11098.jpg,0.6129211,1,0
image11099.jpg,0.17606786,0,0
image11100.jpg,0.6077419,1,0
image11101.jpg,0.13532454,0,0
image11102.jpg,0.18122192,0,0
image11103.jpg,0.13606107,0,0
image11104.jpg,0.14535636,0,0
image11105.jpg,0.619217,1,0
image11106.jpg,0.14208299,0,0
image11107.jpg,0.13352278,0,0
image11108.jpg,0.62132317,1,0
image11109.jpg,0.14809518,0,0
image11110.jpg,0.14440157,0,0
image11111.jpg,0.14250743,0,0
image11112.jpg,0.13822685,0,0
image11113.jpg,0.14214428,0,0
image11114.jpg,0.1445921,0,0
image11115.jpg,0.19730581,0,0
image11116.jpg,0.14903672,0,0
image11117.jpg,0.1406134,0,0
image11118.jpg,0.1458413,0,0
image11119.jpg,0.14197542,0,0
image11120.jpg,0.15159428,0,0
image11121.jpg,0.1454752,0,0
image11122.jpg,0.13759047,0,0
image11123.jpg,0.18054953,0,0
image11124.jpg,0.17379878,0,0
image11125.jpg,0.1504851,0,0
image11126.jpg,0.13278575,0,0
image11127.jpg,0.1659469,0,0
image11128.jpg,0.16385593,0,0
image11129.jpg,0.14250658,0,0
image11130.jpg,0.14297053,0,0
image11131.jpg,0.1733706,0,0
image11132.jpg,0.16775903,0,0
image11133.jpg,0.14791924,0,0
image11134.jpg,0.18546063,0,0
image11135.jpg,0.14770252,0,0
image11136.jpg,0.15650454,0,0
image11137.jpg,0.6121487,1,0
image11138.jpg,0.13242276,0,0
image11139.jpg,0.5976711,0,0
image11140.jpg,0.14832592,0,0
image11141.jpg,0.13332435,0,0
image11142.jpg,0.14197643,0,0
image11143.jpg,0.15870376,0,0
image11144.jpg,0.13581893,0,0
image11145.jpg,0.14549382,0,0
image11146.jpg,0.12890276,0,0
image11147.jpg,0.13936181,0,0
image11148.jpg,0.1658625,0,0
image11149.jpg,0.14889683,0,0
image11150.jpg,0.18033732,0,0
image11151.jpg,0.14332297,0,0
image11152.jpg,0.18517707,0,0
image11153.jpg,0.13501313,0,0
image11154.jpg,0.1370797,0,0
image11155.jpg,0.18321373,0,0
image11156.jpg,0.13929239,0,0
image11157.jpg,0.13928258,0,0
image11158.jpg,0.14329992,0,0
image11159.jpg,0.15732102,0,0
image11160.jpg,0.14511806,0,0
image11161.jpg,0.2021333,0,0
image11162.jpg,0.13885118,0,0
image11163.jpg,0.14859374,0,0
image11164.jpg,0.14178821,0,0
image11165.jpg,0.2004469,0,0
image11166.jpg,0.15322034,0,0
image11167.jpg,0.15543021,0,0
image11168.jpg,0.18157323,0,0
image11169.jpg,0.17267396,0,0
image11170.jpg,0.15784599,0,0
image11171.jpg,0.14851074,0,0
image11172.jpg,0.14165501,0,0
image11173.jpg,0.16365997,0,0
image11174.jpg,0.18462068,0,0
image11175.jpg,0.16841882,0,0
image11176.jpg,0.15149456,0,0
image11177.jpg,0.18733706,0,0
image11178.jpg,0.14415398,0,0
image11179.jpg,0.15481652,0,0
image11180.jpg,0.19378127,0,0
image11181.jpg,0.14078884,0,0
image11182.jpg,0.15985242,0,0
image11183.jpg,0.14778195,0,0
image11184.jpg,0.18192634,0,0
image11185.jpg,0.14037207,0,0
image11186.jpg,0.14121655,0,0
image11187.jpg,0.13959244,0,0
image11188.jpg,0.1416021,0,0
image11189.jpg,0.14560647,0,0
image11190.jpg,0.16939668,0,0
image11191.jpg,0.1626566,0,0
image11192.jpg,0.14074342,0,0
image11193.jpg,0.144324,0,0
image11194.jpg,0.15156245,0,0
image11195.jpg,0.13374518,0,0
image11196.jpg,0.15735945,0,0
image11197.jpg,0.14898,0,0
image11198.jpg,0.12724853,0,0
image11199.jpg,0.1385956,0,0
image11200.jpg,0.14317888,0,0
image11201.jpg,0.16713811,0,0
image11202.jpg,0.17919886,0,0
image11203.jpg,0.14184195,0,0
image11204.jpg,0.14948595,0,0
image11205.jpg,0.13774075,0,0
image11206.jpg,0.1598041,0,0
image11207.jpg,0.15132877,0,0
image11208.jpg,0.15954085,0,0
image11209.jpg,0.16128343,0,0
image11210.jpg,0.23823828,0,0
image11211.jpg,0.13946454,0,0
image11212.jpg,0.14930403,0,0
image11213.jpg,0.16488414,0,0
image11214.jpg,0.13972762,0,0
image11215.jpg,0.5984766,0,0
image11216.jpg,0.16490069,0,0
image11217.jpg,0.13439548,0,0
image11218.jpg,0.1364095,0,0
image11219.jpg,0.20434497,0,0
image11220.jpg,0.15934937,0,0
image11221.jpg,0.16762109,0,0
image11222.jpg,0.13646059,0,0
image11223.jpg,0.14983308,0,0
image11224.jpg,0.15945949,0,0
image11225.jpg,0.17309028,0,0
image11226.jpg,0.15438066,0,0
image11227.jpg,0.58498204,0,0
image11228.jpg,0.14734183,0,0
image11229.jpg,0.63871384,1,1
image11230.jpg,0.67801434,1,1
image11231.jpg,0.6393259,1,1
image11232.jpg,0.62906736,1,1
image11233.jpg,0.59881663,0,0
image11234.jpg,0.6717037,1,1
image11235.jpg,0.6386893,1,1
image11236.jpg,0.5543822,0,0
image11237.jpg,0.221057,0,0
image11238.jpg,0.03601863,0,0
image11239.jpg,0.6312571,1,1
image11240.jpg,0.30332047,0,0
image11241.jpg,0.051933676,0,0
image11242.jpg,0.27598068,0,0
image11243.jpg,0.36248577,0,0
image11244.jpg,0.14059566,0,0
image11245.jpg,0.5703505,0,0
image11246.jpg,0.2729401,0,0
image11247.jpg,0.05944948,0,0
image11248.jpg,0.31304684,0,0
image11249.jpg,0.03383398,0,0
image11250.jpg,0.18947269,0,0
image11251.jpg,0.15183826,0,0
image11252.jpg,0.3100909,0,0
image11253.jpg,0.58314514,0,0
image11254.jpg,0.15319881,0,0
image11255.jpg,0.6032338,1,0
image11256.jpg,0.40551695,0,0
image11257.jpg,0.64426255,1,1
image11258.jpg,0.075662546,0,0
image11259.jpg,0.52324337,0,0
image11260.jpg,0.5055657,0,0
image11261.jpg,0.035197645,0,0
image11262.jpg,0.043322437,0,0
image11263.jpg,0.3296612,0,0
image11264.jpg,0.8803539,1,1
image11265.jpg,0.628749,1,1
image11266.jpg,0.50178456,0,0
image11267.jpg,0.8858558,1,1
image11268.jpg,0.21407837,0,0
image11269.jpg,0.21320589,0,0
image11270.jpg,0.64239675,1,1
image11271.jpg,0.29138818,0,0
image11272.jpg,0.14864428,0,0
image11273.jpg,0.6134347,1,0
image11274.jpg,0.25073195,0,0
image11275.jpg,0.17261225,0,0
image11276.jpg,0.6042438,1,0
image11277.jpg,0.62868154,1,1
image11278.jpg,0.036833584,0,0
image11279.jpg,0.1925502,0,0
image11280.jpg,0.050717648,0,0
image11281.jpg,0.8910491,1,1
image11282.jpg,0.23850863,0,0
image11283.jpg,0.3423584,0,0
image11284.jpg,0.033533417,0,0
image11285.jpg,0.15251248,0,0
image11286.jpg,0.30241206,0,0
image11287.jpg,0.292198,0,0
image11288.jpg,0.15395878,0,0
image11289.jpg,0.62935174,1,1
image11290.jpg,0.5874683,0,0
image11291.jpg,0.61640465,1,0
image11292.jpg,0.033076294,0,0
image11293.jpg,0.52243,0,0
image11294.jpg,0.15055197,0,0
image11295.jpg,0.31542286,0,0
image11296.jpg,0.5083155,0,0
image11297.jpg,0.89037806,1,1
image11298.jpg,0.5434689,0,0
image11299.jpg,0.35089782,0,0
image11300.jpg,0.1359809,0,0
image11301.jpg,0.3036151,0,0
image11302.jpg,0.055608522,0,0
image11303.jpg,0.29697123,0,0
image11304.jpg,0.24466449,0,0
image11305.jpg,0.055548504,0,0
image11306.jpg,0.497926,0,0
image11307.jpg,0.52188504,0,0
image11308.jpg,0.20862843,0,0
image11309.jpg,0.21175198,0,0
image11310.jpg,0.27561024,0,0
image11311.jpg,0.056637198,0,0
image11312.jpg,0.042790476,0,0
image11313.jpg,0.6256615,1,1
image11314.jpg,0.21184212,0,0
image11315.jpg,0.21741754,0,0
image11316.jpg,0.62827617,1,1
image11317.jpg,0.03921969,0,0
image11318.jpg,0.5210751,0,0
image11319.jpg,0.6209837,1,0
image11320.jpg,0.041695055,0,0
image11321.jpg,0.6221336,1,1
image11322.jpg,0.031211156,0,0
image11323.jpg,0.16096817,0,0
image11324.jpg,0.29373989,0,0
image11325.jpg,0.8756829,1,1
image11326.jpg,0.15049584,0,0
image11327.jpg,0.5924205,0,0
image11328.jpg,0.62414247,1,1
image11329.jpg,0.18798415,0,0
image11330.jpg,0.57281095,0,0
image11331.jpg,0.38893014,0,0
image11332.jpg,0.53157556,0,0
image11333.jpg,0.18660682,0,0
image11334.jpg,0.43935257,0,0
image11335.jpg,0.14539613,0,0
image11336.jpg,0.59477186,0,0
image11337.jpg,0.29796556,0,0
image11338.jpg,0.32260808,0,0
image11339.jpg,0.6052687,1,0
image11340.jpg,0.2772582,0,0
image11341.jpg,0.12562768,0,0
image11342.jpg,0.0732492,0,0
image11343.jpg,0.5577439,0,0
image11344.jpg,0.20796765,0,0
image11345.jpg,0.58480585,0,0
image11346.jpg,0.62604195,1,1
image11347.jpg,0.60848355,1,0
image11348.jpg,0.6244847,1,1
image11349.jpg,0.5985288,0,0
image11350.jpg,0.14009692,0,0
image11351.jpg,0.6236119,1,1
image11352.jpg,0.6021066,1,0
image11353.jpg,0.3215309,0,0
image11354.jpg,0.5100912,0,0
image11355.jpg,0.21978302,0,0
image11356.jpg,0.59050655,0,0
image11357.jpg,0.26822338,0,0
image11358.jpg,0.6443968,1,1
image11359.jpg,0.29620236,0,0
image11360.jpg,0.5936303,0,0
image11361.jpg,0.03542723,0,0
image11362.jpg,0.6115132,1,0
image11363.jpg,0.33303878,0,0
image11364.jpg,0.29653895,0,0
image11365.jpg,0.32867607,0,0
image11366.jpg,0.18696594,0,0
image11367.jpg,0.27215263,0,0
image11368.jpg,0.14262018,0,0
image11369.jpg,0.61779124,1,0
image11370.jpg,0.15437642,0,0
image11371.jpg,0.15322702,0,0
image11372.jpg,0.24718466,0,0
image11373.jpg,0.042535715,0,0
image11374.jpg,0.8510668,1,1
image11375.jpg,0.03255132,0,0
image11376.jpg,0.059811022,0,0
image11377.jpg,0.5951047,0,0
image11378.jpg,0.3155041,0,0
image11379.jpg,0.24911596,0,0
image11380.jpg,0.056991365,0,0
image11381.jpg,0.25899336,0,0
image11382.jpg,0.30889732,0,0
image11383.jpg,0.24791569,0,0
image11384.jpg,0.5222513,0,0
image11385.jpg,0.03501505,0,0
image11386.jpg,0.32552373,0,0
image11387.jpg,0.0582823,0,0
image11388.jpg,0.8912335,1,1
image11389.jpg,0.602873,1,0
image11390.jpg,0.1767508,0,0
image11391.jpg,0.60723025,1,0
image11392.jpg,0.6174493,1,0
image11393.jpg,0.52831686,0,0
image11394.jpg,0.5959464,0,0
image11395.jpg,0.42345586,0,0
image11396.jpg,0.03259487,0,0
image11397.jpg,0.5975792,0,0
image11398.jpg,0.18482557,0,0
image11399.jpg,0.03358495,0,0
image11400.jpg,0.61640495,1,0
image11401.jpg,0.3876995,0,0
image11402.jpg,0.30535123,0,0
image11403.jpg,0.6354566,1,1
image11404.jpg,0.5650389,0,0
image11405.jpg,0.060946494,0,0
image11406.jpg,0.59630924,0,0
image11407.jpg,0.60317856,1,0
image11408.jpg,0.5905963,0,0
image11409.jpg,0.4811757,0,0
image11410.jpg,0.24085274,0,0
image11411.jpg,0.3453761,0,0
image11412.jpg,0.17843579,0,0
image11413.jpg,0.36482775,0,0
image11414.jpg,0.08126117,0,0
image11415.jpg,0.7848411,1,1
image11416.jpg,0.24543515,0,0
image11417.jpg,0.36345994,0,0
image11418.jpg,0.24401923,0,0
image11419.jpg,0.35729477,0,0
image11420.jpg,0.5262457,0,0
image11421.jpg,0.61376274,1,0
image11422.jpg,0.05936439,0,0
image11423.jpg,0.45186198,0,0
image11424.jpg,0.44358823,0,0
image11425.jpg,0.19469391,0,0
image11426.jpg,0.60974526,1,0
image11427.jpg,0.5737928,0,0
image11428.jpg,0.6108896,1,0
image11429.jpg,0.34502324,0,0
image11430.jpg,0.4168898,0,0
image11431.jpg,0.3091028,0,0
image11432.jpg,0.44514832,0,0
image11433.jpg,0.60923153,1,0
image11434.jpg,0.1323149,0,0
image11435.jpg,0.60842633,1,0
image11436.jpg,0.28815585,0,0
image11437.jpg,0.44536144,0,0
image11438.jpg,0.18913236,0,0
image11439.jpg,0.6438337,1,1
image11440.jpg,0.51480263,0,0
image11441.jpg,0.5771979,0,0
image11442.jpg,0.40379864,0,0
image11443.jpg,0.31739667,0,0
image11444.jpg,0.16257107,0,0
image11445.jpg,0.5242014,0,0
image11446.jpg,0.17127682,0,0
image11447.jpg,0.1676098,0,0
image11448.jpg,0.23246321,0,0
image11449.jpg,0.637719,1,1
image11450.jpg,0.25588498,0,0
image11451.jpg,0.03361678,0,0
image11452.jpg,0.1721607,0,0
image11453.jpg,0.6180034,1,0
image11454.jpg,0.5408846,0,0
image11455.jpg,0.030971272,0,0
image11456.jpg,0.03128674,0,0
image11457.jpg,0.3366288,0,0
image11458.jpg,0.32056314,0,0
image11459.jpg,0.40526262,0,0
image11460.jpg,0.32934788,0,0
image11461.jpg,0.15250894,0,0
image11462.jpg,0.18848537,0,0
image11463.jpg,0.17085028,0,0
image11464.jpg,0.036706585,0,0
image11465.jpg,0.46211612,0,0
image11466.jpg,0.28021416,0,0
image11467.jpg,0.39124066,0,0
